Feature ID	Taxon	Confidence
b7baa37944fb48185b3ccd35739564a1	d__Bacteria; p__Firmicutes; c__Bacilli; o__Lactobacillales; f__Lactobacillaceae; g__Weissella; s__Weissella_cibaria	0.9999689722042227
a82a5a7c35c28c40ed5a305f97da5279	d__Bacteria; p__Firmicutes; c__Bacilli; o__Lactobacillales; f__Streptococcaceae; g__Lactococcus; s__Lactococcus_lactis	0.9561715863027631
1bfdaa567ac92f2e89705c00eccc1787	d__Bacteria; p__Proteobacteria; c__Gammaproteobacteria; o__Enterobacterales; f__Erwiniaceae; g__Pantoea	0.998994479706085
e28bc9caeabd276628e70bea91c2db48	d__Bacteria; p__Proteobacteria; c__Gammaproteobacteria; o__Enterobacterales; f__Erwiniaceae; g__Pantoea	0.9966449519395026
97b761526814e975f8e72239f997a31e	d__Bacteria; p__Firmicutes; c__Bacilli; o__Lactobacillales; f__Lactobacillaceae; g__Weissella; s__Weissella_hellenica	0.942690223112182
ae218b0c831c009018603ea094d96eb7	d__Bacteria; p__Firmicutes; c__Bacilli; o__Lactobacillales; f__Streptococcaceae; g__Lactococcus; s__Lactococcus_lactis	0.9570815936238337
c7b5a3ddf50e719b0665a9457c1fa0dc	d__Bacteria; p__Proteobacteria; c__Gammaproteobacteria; o__Enterobacterales; f__Erwiniaceae; g__Pantoea; s__Pantoea_ananatis	0.7937963744746618
da61627240af7b4694b0ad2d6d0dc4fd	d__Bacteria; p__Firmicutes; c__Bacilli; o__Lactobacillales; f__Lactobacillaceae; g__Leuconostoc; s__Leuconostoc_pseudomesenteroides	0.7181852376222162
a3313f09060d3aa1d324ceb54d98b3a3	d__Bacteria; p__Firmicutes; c__Bacilli; o__Lactobacillales; f__Lactobacillaceae; g__Lentilactobacillus; s__Lactobacillus_buchneri	0.9687371420037673
567f47c2717e827a7fc666e39e330023	d__Bacteria; p__Firmicutes; c__Bacilli; o__Lactobacillales; f__Streptococcaceae; g__Lactococcus; s__Lactococcus_garvieae	0.9999001097505161
b6337b42bcfd0cceb53036322b27704a	d__Bacteria; p__Proteobacteria; c__Gammaproteobacteria; o__Enterobacterales; f__Erwiniaceae	0.8788353219629169
cbc90c12213b0bf0149a18539afe5c1b	d__Bacteria; p__Firmicutes; c__Bacilli; o__Lactobacillales; f__Lactobacillaceae; g__Lentilactobacillus; s__Lactobacillus_buchneri	0.9334632613092189
5e7cfe9c5dbca07f13c53b0c2b567656	d__Bacteria; p__Proteobacteria; c__Gammaproteobacteria; o__Xanthomonadales; f__Xanthomonadaceae; g__Stenotrophomonas	0.9576068426717544
708795bce6cf3086da5d5b41be8b74e9	d__Bacteria; p__Proteobacteria; c__Gammaproteobacteria; o__Enterobacterales; f__Enterobacteriaceae	0.998909064364192
2cac2a308a6d88941c8d471c5b6595e6	d__Bacteria; p__Firmicutes; c__Bacilli; o__Lactobacillales; f__Lactobacillaceae; g__Lactiplantibacillus; s__Lactobacillus_plantarum	0.8046790076816491
aaa28bc345a452ab2c4221fa7c234543	d__Bacteria; p__Firmicutes; c__Clostridia; o__Clostridiales; f__Clostridiaceae; g__Clostridium_sensu_stricto_12; s__Clostridium_tyrobutyricum	0.9999998419351624
34329c0065bbfc10ffc152e921abb883	d__Bacteria; p__Firmicutes; c__Bacilli; o__Lactobacillales; f__Lactobacillaceae; g__Lentilactobacillus; s__Lactobacillus_rapi	0.706245834971969
b0447ab0498ecd51021cdeb9f7a11484	d__Bacteria; p__Firmicutes; c__Bacilli; o__Lactobacillales; f__Lactobacillaceae; g__Lentilactobacillus; s__Lactobacillus_rapi	0.8441534314679504
d81953d362dec7498d6d823c1639b3d6	d__Bacteria; p__Actinobacteriota; c__Actinobacteria; o__Micrococcales; f__Microbacteriaceae; g__Curtobacterium; s__Curtobacterium_sp.	0.8042481795823604
6809c05ef99c8e1f8b87034d7fc53a32	d__Bacteria; p__Firmicutes; c__Bacilli; o__Lactobacillales; f__Lactobacillaceae; g__Lentilactobacillus; s__Lactobacillus_rapi	0.8073529312684783
a85e2c787cd1c7189665a80f4e0ce6eb	d__Bacteria; p__Firmicutes; c__Bacilli; o__Lactobacillales; f__Lactobacillaceae; g__Lentilactobacillus; s__Lactobacillus_rapi	0.7128184026597121
d460e5348da8ca066b3a996aeea75097	d__Bacteria; p__Firmicutes; c__Bacilli; o__Lactobacillales; f__Lactobacillaceae; g__Lentilactobacillus; s__Lactobacillus_rapi	0.8040684928209615
8bef4c83feb21707003f3ec16a6865c9	d__Bacteria; p__Firmicutes; c__Bacilli; o__Lactobacillales; f__Lactobacillaceae; g__Weissella; s__Weissella_cibaria	0.9999291130426889
6ca1b5f3f0d2b8dc28826eb2fb6501f0	d__Bacteria; p__Firmicutes; c__Bacilli; o__Lactobacillales; f__Lactobacillaceae; g__Weissella; s__Weissella_cibaria	0.9999680571007743
af82051ea355a1e9cbfb7896878f2746	d__Bacteria; p__Firmicutes; c__Bacilli; o__Lactobacillales; f__Lactobacillaceae; g__Lentilactobacillus; s__Lactobacillus_buchneri	0.9810753264398331
c1b85d240b54247d1a475904e33caabc	d__Bacteria; p__Firmicutes; c__Bacilli; o__Lactobacillales; f__Lactobacillaceae; g__Weissella; s__Weissella_cibaria	0.9999309819630908
3834885909c8e7469aa38f05c4b5232f	d__Bacteria; p__Firmicutes; c__Bacilli; o__Lactobacillales; f__Lactobacillaceae; g__Weissella; s__Weissella_hellenica	0.9213137248245451
9df95bc9f344ac88e9d80ffedafc3d0f	d__Bacteria; p__Proteobacteria; c__Gammaproteobacteria; o__Enterobacterales; f__Erwiniaceae	0.8794598205683972
a2132c790e120c625c5944b3c4f2c5c9	d__Bacteria; p__Firmicutes; c__Bacilli; o__Lactobacillales; f__Lactobacillaceae; g__Weissella; s__Weissella_hellenica	0.8259250484072378
b3d425e5fed25a598f2ce635b149c50a	d__Bacteria; p__Firmicutes; c__Bacilli; o__Lactobacillales; f__Lactobacillaceae; g__Weissella; s__Weissella_cibaria	0.9999853277528584
b57bb367e831c4c11816fbadd32c271f	d__Bacteria; p__Firmicutes; c__Bacilli; o__Lactobacillales; f__Lactobacillaceae; g__Weissella; s__Weissella_hellenica	0.8695477558232316
4ebd8fa2b2e55954f82078fa21cac76a	d__Bacteria; p__Proteobacteria; c__Gammaproteobacteria; o__Enterobacterales; f__Enterobacteriaceae	0.9932221844497341
fbc77a72603b9586aef6bcb5385c488f	d__Bacteria; p__Proteobacteria; c__Alphaproteobacteria; o__Rhizobiales; f__Rhizobiaceae; g__Allorhizobium-Neorhizobium-Pararhizobium-Rhizobium	0.9970227957771602
bf5c6c0381f4a89349980055f2743786	d__Bacteria; p__Firmicutes; c__Bacilli; o__Lactobacillales; f__Streptococcaceae; g__Lactococcus; s__Lactococcus_garvieae	0.9996516571593426
bbf53116f0ecc84fc67cd746062d3fa7	d__Bacteria; p__Proteobacteria; c__Gammaproteobacteria; o__Xanthomonadales; f__Xanthomonadaceae; g__Stenotrophomonas	0.9945021578142645
0538224b8303db20d2548561d3aef8be	d__Bacteria; p__Firmicutes; c__Bacilli; o__Lactobacillales; f__Lactobacillaceae; g__Lactiplantibacillus; s__Lactobacillus_plantarum	0.7270571481651872
a6c98a3fdbedd9741c7dbc8b11f2d260	d__Bacteria; p__Firmicutes; c__Bacilli; o__Lactobacillales; f__Lactobacillaceae; g__Weissella; s__uncultured_bacterium	0.9850128062436404
48e62484ee0870785c312e4049102162	d__Bacteria; p__Firmicutes; c__Bacilli; o__Lactobacillales; f__Lactobacillaceae; g__Lactiplantibacillus	0.999999237413031
2479befabfe296d594bae4c6ad7a3b40	d__Bacteria; p__Proteobacteria; c__Gammaproteobacteria; o__Pseudomonadales; f__Pseudomonadaceae; g__Pseudomonas; s__Pseudomonas_rhizosphaerae	0.9425690356779108
fa15c4d711716b434630a92d4c8d6415	d__Bacteria; p__Firmicutes; c__Bacilli; o__Lactobacillales; f__Lactobacillaceae; g__Weissella; s__Weissella_cibaria	0.9999581457156103
22c407b3def07090828b1f1bd69a073a	d__Bacteria; p__Proteobacteria; c__Gammaproteobacteria; o__Enterobacterales; f__Enterobacteriaceae; g__Enterobacter	0.7797358162769085
9b4a132829adc9527f4f898f5cb67fdf	d__Bacteria; p__Proteobacteria; c__Gammaproteobacteria; o__Enterobacterales; f__Yersiniaceae; g__Yersinia; s__Yersinia_frederiksenii	0.9047932814650532
dd6f51514c6df10ca7e0085cf41baa9f	d__Bacteria; p__Proteobacteria; c__Gammaproteobacteria; o__Enterobacterales; f__Erwiniaceae; g__Erwinia; s__uncultured_Erwinia	0.7404753305666998
575f2d2e19e6f76fb3377d84fe40df5a	d__Bacteria; p__Proteobacteria; c__Gammaproteobacteria; o__Pseudomonadales; f__Pseudomonadaceae; g__Pseudomonas	0.9999993882148875
b15866827fead9cfc6aa146ae4c83816	d__Bacteria; p__Proteobacteria; c__Gammaproteobacteria; o__Pseudomonadales; f__Pseudomonadaceae; g__Pseudomonas	0.9906785953504997
97ac21e0aaa34e27a5b9f9ef15006cd6	d__Bacteria; p__Actinobacteriota; c__Actinobacteria; o__Micrococcales; f__Microbacteriaceae; g__Curtobacterium; s__Curtobacterium_sp.	0.745934894414234
f1020293b0671d0fa253b19eb8db7076	d__Bacteria; p__Proteobacteria; c__Gammaproteobacteria; o__Enterobacterales; f__Yersiniaceae; g__Yersinia; s__Yersinia_frederiksenii	0.8735997358144183
ca041d0519ef3a2936934dd901f3cd70	d__Bacteria; p__Proteobacteria; c__Alphaproteobacteria; o__Rhizobiales; f__Rhizobiaceae; g__Allorhizobium-Neorhizobium-Pararhizobium-Rhizobium	0.9997503581331928
febc4eee7e7351d17897764213cec083	d__Bacteria; p__Proteobacteria; c__Gammaproteobacteria; o__Enterobacterales; f__Hafniaceae; g__Hafnia-Obesumbacterium	0.9722517755903748
386e8c0d5712c987887d38ec5c0cb75d	d__Bacteria; p__Actinobacteriota; c__Actinobacteria; o__Micrococcales; f__Microbacteriaceae; g__Frigoribacterium; s__uncultured_Frigoribacterium	0.9169748146425803
6dc086bb99734438fbeb2324e96c9f51	d__Bacteria; p__Firmicutes; c__Bacilli; o__Lactobacillales; f__Lactobacillaceae; g__Levilactobacillus; s__Lactobacillus_brevis	0.9785519990343564
4958ff887312f0fcd2c23dbb3730a137	d__Bacteria; p__Firmicutes; c__Bacilli; o__Lactobacillales; f__Lactobacillaceae; g__Weissella; s__Weissella_cibaria	0.9999885728624547
2593f756cc116af05f97dce9d16a0d75	d__Bacteria; p__Proteobacteria; c__Gammaproteobacteria; o__Enterobacterales; f__Yersiniaceae; g__Yersinia; s__Yersinia_frederiksenii	0.8052424307862135
eb93031d017c8565aab15512e389bc13	d__Bacteria; p__Firmicutes; c__Bacilli; o__Lactobacillales; f__Lactobacillaceae; g__Latilactobacillus; s__Lactobacillus_curvatus	0.9409375313755554
99f3d3327dfab25022b35217cfce2c41	d__Bacteria; p__Proteobacteria; c__Alphaproteobacteria; o__Rhizobiales; f__Rhizobiaceae; g__Allorhizobium-Neorhizobium-Pararhizobium-Rhizobium; s__uncultured_organism	0.9926230992699844
c72ca6933678675d969fbb9de258e801	d__Bacteria; p__Proteobacteria; c__Gammaproteobacteria; o__Pseudomonadales; f__Moraxellaceae; g__Acinetobacter; s__Acinetobacter_calcoaceticus	0.8654829232374416
40d188775e43bddf78662ca3cec59fd8	d__Bacteria; p__Firmicutes; c__Bacilli; o__Paenibacillales; f__Paenibacillaceae; g__Paenibacillus	0.9999999664898405
d7371298c6fac2da4d985d525bd27ee4	d__Bacteria; p__Firmicutes; c__Bacilli; o__Paenibacillales; f__Paenibacillaceae; g__Paenibacillus; s__Paenibacillus_chinensis	0.9875703823735009
6abd44103e6c514603c8c8c113c6fea3	d__Bacteria; p__Firmicutes; c__Bacilli; o__Lactobacillales; f__Lactobacillaceae; g__Weissella; s__Weissella_hellenica	0.9213128160907728
5d346c6497ff7335a12242dea1788bb5	d__Bacteria; p__Actinobacteriota; c__Actinobacteria; o__Micrococcales; f__Microbacteriaceae; g__Curtobacterium; s__Curtobacterium_sp.	0.9387688701576246
8b73486ee4e7877c6fb8872946e5b139	d__Bacteria; p__Firmicutes; c__Bacilli; o__Lactobacillales; f__Lactobacillaceae; g__Leuconostoc	0.9999999999999936
b4339c1dce0113387b06d7a618735b75	d__Bacteria; p__Proteobacteria; c__Gammaproteobacteria; o__Xanthomonadales; f__Xanthomonadaceae; g__Xanthomonas	0.9998010618598058
febd3dec8f0bcf7a99a7d47d479091e8	d__Bacteria; p__Proteobacteria; c__Gammaproteobacteria; o__Enterobacterales	0.999999955095863
475ad0edb21f8c2486010ab9915a952d	d__Bacteria; p__Firmicutes; c__Bacilli; o__Lactobacillales; f__Lactobacillaceae; g__Weissella; s__Weissella_cibaria	0.9999265749174494
efcc1b159b1927cdb218803ea4a4b22c	d__Bacteria; p__Firmicutes; c__Bacilli; o__Lactobacillales; f__Lactobacillaceae; g__Levilactobacillus; s__Lactobacillus_brevis	0.984430308026437
68b667855279b928ad75e44ff4286125	d__Bacteria; p__Bacteroidota; c__Bacteroidia; o__Flavobacteriales; f__Weeksellaceae; g__Chishuiella; s__Chishuiella_changwenlii	0.9999997088494579
0398d84211fa871c4e7404a9a651246a	d__Bacteria; p__Proteobacteria; c__Gammaproteobacteria; o__Enterobacterales; f__Enterobacteriaceae	0.7821319938816448
aaa3a51b1da3de21fd07577da243eaec	d__Bacteria; p__Firmicutes; c__Bacilli; o__Lactobacillales; f__Lactobacillaceae; g__Weissella; s__Weissella_cibaria	0.9999146458884262
03e572be6b01276d920c8168dc2e9597	d__Bacteria; p__Firmicutes; c__Bacilli; o__Lactobacillales; f__Lactobacillaceae; g__Weissella; s__Weissella_cibaria	0.9999588494106153
c2d83928dea2cb815347da27224e517f	d__Bacteria; p__Firmicutes; c__Bacilli; o__Lactobacillales; f__Lactobacillaceae; g__Weissella; s__Weissella_ceti	0.9999999999259472
aaf0a62d8fc4d958147b94450579f3fc	d__Bacteria; p__Firmicutes; c__Bacilli; o__Lactobacillales; f__Lactobacillaceae; g__Weissella	0.9999728923063944
d3957b92586711a1cb9455428955333f	d__Bacteria; p__Proteobacteria; c__Gammaproteobacteria; o__Pseudomonadales; f__Pseudomonadaceae; g__Pseudomonas; s__Pseudomonas_graminis	0.7506492964819035
d84d2c2b8a56578a521b0712c03e3dc9	d__Bacteria; p__Proteobacteria; c__Gammaproteobacteria; o__Xanthomonadales; f__Xanthomonadaceae; g__Stenotrophomonas	0.9998210966482061
24c3ddc41a184135115bd91ffc6b86d8	d__Bacteria; p__Proteobacteria; c__Gammaproteobacteria; o__Pseudomonadales; f__Pseudomonadaceae; g__Pseudomonas; s__Pseudomonas_putida	0.7133254634509518
281e320b212d06c5e84f91a15b78d7e4	d__Bacteria; p__Proteobacteria; c__Alphaproteobacteria; o__Rhizobiales; f__Beijerinckiaceae; g__Methylobacterium-Methylorubrum; s__Methylobacterium_bullatum	0.9918544167232827
c9efc7890d13a22cbd2825f0c87169bc	d__Bacteria; p__Bacteroidota; c__Bacteroidia; o__Flavobacteriales; f__Weeksellaceae; g__Chryseobacterium; s__Chryseobacterium_sp.	0.9103193590624958
fe59b48859156a24340ac53cf29048e0	d__Bacteria; p__Proteobacteria; c__Gammaproteobacteria; o__Burkholderiales; f__Comamonadaceae; g__Comamonas; s__Comamonas_sp.	0.7654881929804656
67444a7ad71ef557a97e40104bbd50f5	d__Bacteria; p__Firmicutes; c__Bacilli; o__Paenibacillales; f__Paenibacillaceae; g__Paenibacillus; s__Paenibacillus_chinensis	0.8492143953876617
b2abb7de10f972ea3cc720e768d7533f	d__Bacteria; p__Firmicutes; c__Bacilli; o__Paenibacillales; f__Paenibacillaceae; g__Paenibacillus; s__Paenibacillus_chinensis	0.9504843870415379
99438bedde1796e9ea145eee15d81836	d__Bacteria; p__Firmicutes; c__Bacilli; o__Lactobacillales; f__Lactobacillaceae; g__Weissella; s__Weissella_cibaria	0.9999375855406456
172c1440bf51a908d9ae61a6b77e1646	d__Bacteria; p__Proteobacteria; c__Gammaproteobacteria; o__Pseudomonadales; f__Moraxellaceae; g__Acinetobacter	0.9999997048018593
7ba5e2122299deb67f673fb58a5e43a4	d__Bacteria; p__Firmicutes; c__Bacilli; o__Lactobacillales; f__Streptococcaceae; g__Lactococcus; s__Lactococcus_lactis	0.8791862847029386
fba662cc47a941357dcd41866bd3b842	d__Bacteria; p__Firmicutes; c__Bacilli; o__Lactobacillales; f__Lactobacillaceae; g__Weissella; s__Weissella_cibaria	0.9999281891344718
f2b5c571534b67bf67fbb5436b0f75ad	d__Bacteria; p__Actinobacteriota; c__Actinobacteria; o__Micrococcales; f__Microbacteriaceae; g__Microbacterium; s__Microbacterium_testaceum	0.9880045926671784
6889af931c9a0c8d4265849a02848d80	d__Bacteria; p__Proteobacteria; c__Alphaproteobacteria; o__Rhizobiales; f__Beijerinckiaceae; g__Methylobacterium-Methylorubrum	0.9999791982454262
a288a4aab3b862019526ec16c11a78c8	d__Bacteria; p__Proteobacteria; c__Gammaproteobacteria; o__Pseudomonadales; f__Pseudomonadaceae; g__Pseudomonas	0.9996493113573109
166f6ddfa06bfcd45526555a179d94c8	d__Bacteria; p__Proteobacteria; c__Gammaproteobacteria; o__Pseudomonadales; f__Pseudomonadaceae; g__Pseudomonas	0.9898316567496535
422cd610319e4227e19500edd595fc19	d__Bacteria; p__Proteobacteria; c__Gammaproteobacteria; o__Enterobacterales; f__Erwiniaceae; g__Rosenbergiella; s__uncultured_bacterium	0.9905736087044367
c4b06460100f0c615d942b2848ae2a6d	d__Bacteria; p__Firmicutes; c__Bacilli; o__Lactobacillales; f__Lactobacillaceae; g__Weissella; s__Weissella_paramesenteroides	0.9999915382513117
29bd67e1b853cdc63310d918bec8bd2e	d__Bacteria; p__Proteobacteria; c__Gammaproteobacteria; o__Enterobacterales; f__Erwiniaceae; g__Pantoea	0.7611091055024305
57e8d51653071e493d93c00b104a92a8	d__Bacteria; p__Proteobacteria; c__Gammaproteobacteria; o__Pseudomonadales; f__Pseudomonadaceae; g__Pseudomonas	0.9936741323106035
6f1f36145910c151eec0c58b7cde65bd	d__Bacteria; p__Proteobacteria; c__Gammaproteobacteria; o__Pseudomonadales; f__Pseudomonadaceae; g__Pseudomonas	0.99936374625205
c2d92cff769a427044c60dd42dec4730	d__Bacteria; p__Actinobacteriota; c__Actinobacteria; o__Micrococcales; f__Microbacteriaceae; g__Curtobacterium; s__Curtobacterium_sp.	0.7159131127305424
078f99b75f7bb5de47417046f5b2d4e5	d__Bacteria; p__Firmicutes; c__Bacilli; o__Lactobacillales; f__Lactobacillaceae; g__Weissella; s__Weissella_cibaria	0.999933228629424
a9871277bde31bc7acac319397b47253	d__Bacteria; p__Firmicutes; c__Bacilli; o__Lactobacillales; f__Lactobacillaceae; g__Latilactobacillus	0.9999999994839502
f7a05cd62aeab45bad8cb2aba2d09a21	d__Bacteria; p__Proteobacteria; c__Gammaproteobacteria; o__Pseudomonadales; f__Moraxellaceae; g__Acinetobacter	0.9999998210461778
0a7194576fcef3cecb8c3efa5dcc82a5	d__Bacteria; p__Proteobacteria; c__Gammaproteobacteria; o__Enterobacterales; f__Erwiniaceae; g__Erwinia; s__Erwinia_tasmaniensis	0.7743414968411145
2621b030858deec100493946a67814a0	d__Bacteria; p__Firmicutes; c__Clostridia; o__Clostridiales; f__Clostridiaceae; g__Clostridium_sensu_stricto_12; s__Clostridium_tyrobutyricum	0.9999993456409024
357b9856061a7ca06c2c4dcc212f5cc1	d__Bacteria; p__Firmicutes; c__Bacilli; o__Lactobacillales; f__Lactobacillaceae; g__Levilactobacillus; s__Lactobacillus_brevis	0.9010040940687483
9b57802e0fcbe1b97f7b40b451865ecb	d__Bacteria; p__Firmicutes; c__Bacilli; o__Lactobacillales; f__Lactobacillaceae; g__Leuconostoc; s__Leuconostoc_mesenteroides	0.9454983873613632
5fa3ee46819c4b6432ab03056b419282	d__Bacteria; p__Firmicutes; c__Clostridia; o__Clostridiales; f__Clostridiaceae; g__Clostridium_sensu_stricto_12; s__Clostridium_tyrobutyricum	0.9999998483083603
b16bdda0f13d018f5cc419ecb6074200	d__Bacteria; p__Firmicutes; c__Bacilli; o__Lactobacillales; f__Lactobacillaceae; g__Lactiplantibacillus; s__Lactobacillus_paraplantarum	0.946230025244366
12f13f2eac6ce6eca591d2554f1058bf	d__Bacteria; p__Firmicutes; c__Bacilli; o__Lactobacillales; f__Lactobacillaceae; g__Weissella; s__Weissella_cibaria	0.9999265266185579
1d1d526a39076c9cb0501b27e4190335	d__Bacteria; p__Bacteroidota; c__Bacteroidia; o__Flavobacteriales; f__Weeksellaceae; g__Chryseobacterium	0.9962692048963643
c1edce5ee2d9e15cdf9c0b9bfb1841e1	d__Bacteria; p__Proteobacteria; c__Gammaproteobacteria; o__Pseudomonadales; f__Pseudomonadaceae; g__Pseudomonas	0.9456597782768387
e5f45158c9ef96a9eb278f32307cb69b	d__Bacteria; p__Proteobacteria; c__Gammaproteobacteria; o__Pseudomonadales; f__Moraxellaceae; g__Acinetobacter	0.999999661195862
d2d1e6275f2e0dcf7e38ea0f6e4a8e7b	d__Bacteria; p__Proteobacteria; c__Gammaproteobacteria; o__Pseudomonadales; f__Pseudomonadaceae; g__Pseudomonas	0.9998308487286702
c79722c32fd0b4b3c6e22cbf5b33278a	d__Bacteria; p__Proteobacteria; c__Gammaproteobacteria; o__Pseudomonadales; f__Moraxellaceae; g__Acinetobacter	0.9999974481292172
94ca89bc5f8aad8d531da8d55cab9e89	d__Bacteria; p__Proteobacteria; c__Gammaproteobacteria; o__Xanthomonadales; f__Xanthomonadaceae; g__Stenotrophomonas	0.9998831427140041
41fe7669544598b3a2a5feaa869305e1	d__Bacteria; p__Proteobacteria; c__Gammaproteobacteria; o__Enterobacterales; f__Yersiniaceae; g__Rahnella1	0.9326038797613152
54e68ec61a3c646d88ece858334ea259	d__Bacteria; p__Firmicutes; c__Bacilli; o__Lactobacillales; f__Lactobacillaceae; g__Weissella; s__Weissella_cibaria	0.9999261862540209
a0cfe2c142975191ddc44d464fa2cf62	d__Bacteria; p__Firmicutes; c__Bacilli; o__Lactobacillales; f__Lactobacillaceae; g__Lactobacillus; s__Lactobacillus_kullabergensis	0.9973656035825954
1d211cc8ec4e40fcc68c8371db45f6f7	d__Bacteria; p__Firmicutes; c__Bacilli; o__Lactobacillales; f__Lactobacillaceae; g__Lactiplantibacillus	0.99999944639614
1b3c11b8fce4846e27cf1070be403cd8	d__Bacteria; p__Firmicutes; c__Bacilli; o__Lactobacillales; f__Aerococcaceae; g__Aerococcus	1.0000000000000067
12f6ed03f693a0c7842fe5d5f37ad028	d__Bacteria; p__Firmicutes; c__Bacilli; o__Lactobacillales; f__Lactobacillaceae; g__Lactobacillus; s__Lactobacillus_helsingborgensis	0.9999768071512315
dc080e6ee8afd5ae857d9d6da0a68ca8	d__Bacteria; p__Proteobacteria; c__Alphaproteobacteria; o__Sphingomonadales; f__Sphingomonadaceae; g__Sphingomonas	0.9990298470576556
5877dbf05937dc1d83d13c0c4d0c74ff	d__Bacteria; p__Proteobacteria; c__Gammaproteobacteria; o__Pseudomonadales; f__Moraxellaceae; g__Acinetobacter	0.9999999999982224
26bc2ad23fa80b9b51459cdbdfe8c5fc	d__Bacteria; p__Actinobacteriota; c__Actinobacteria; o__Micrococcales; f__Microbacteriaceae; g__Plantibacter; s__Plantibacter_flavus	0.8210725680836316
12416dccaae5032e5318390ef672b4fd	d__Bacteria; p__Proteobacteria; c__Alphaproteobacteria; o__Rhizobiales; f__Beijerinckiaceae; g__Methylobacterium-Methylorubrum; s__Methylobacterium_brachiatum	0.9521899894980141
6d8b412a12cd8ab30b8af21a9cdcc287	d__Bacteria; p__Firmicutes; c__Bacilli; o__Lactobacillales; f__Lactobacillaceae; g__Weissella; s__Weissella_paramesenteroides	0.999989043851364
432fd2dcea1358eac4c5da2f542dda3c	d__Bacteria; p__Firmicutes; c__Bacilli; o__Lactobacillales; f__Lactobacillaceae; g__Lactobacillus; s__Lactobacillus_helsingborgensis	0.9999202943771438
04fe9c174640e3debb0f6c66e2bd3428	d__Bacteria; p__Firmicutes; c__Bacilli; o__Lactobacillales; f__Streptococcaceae; g__Lactococcus; s__Lactococcus_lactis	0.9896511779464945
cf81912545dd754848a050b6e7fe47ac	d__Bacteria; p__Firmicutes; c__Bacilli; o__Lactobacillales; f__Lactobacillaceae; g__Leuconostoc	0.9999999999998794
2b000d9cd965225aa3b7679292679e84	d__Bacteria; p__Bacteroidota; c__Bacteroidia; o__Flavobacteriales; f__Weeksellaceae; g__Chryseobacterium	0.9999941610727336
dee5ed1649c586e938c045e140941f12	d__Bacteria; p__Firmicutes; c__Bacilli; o__Lactobacillales; f__Enterococcaceae; g__Enterococcus; s__Enterococcus_hermanniensis	0.9996462615715818
235d9c0b11ecca62a3d49477c929ca52	d__Bacteria; p__Proteobacteria; c__Gammaproteobacteria; o__Enterobacterales; f__Hafniaceae; g__Hafnia-Obesumbacterium	0.9838289618843424
8ae281b99eaf050de510f83c43cc9c79	d__Bacteria; p__Proteobacteria; c__Gammaproteobacteria; o__Pseudomonadales; f__Pseudomonadaceae; g__Pseudomonas	0.999964965394
7b3589a8e4809f6ac8fe4c4ff749458e	d__Bacteria; p__Proteobacteria; c__Alphaproteobacteria; o__Rhizobiales; f__Rhizobiaceae; g__Allorhizobium-Neorhizobium-Pararhizobium-Rhizobium	0.9448516789896112
222f46498d74d19d67b67b91a1c4a73f	d__Bacteria; p__Proteobacteria; c__Gammaproteobacteria; o__Enterobacterales; f__Yersiniaceae; g__Yersinia; s__Yersinia_frederiksenii	0.8997982938099428
da1c0ba4c6b8c9a4d376d89178f8f1b3	d__Bacteria; p__Firmicutes; c__Bacilli; o__Lactobacillales; f__Lactobacillaceae; g__Weissella; s__Weissella_paramesenteroides	0.9999578454589307
717add96748fc0431b8208c8cf47c82b	d__Bacteria; p__Proteobacteria; c__Gammaproteobacteria; o__Pseudomonadales; f__Moraxellaceae; g__Acinetobacter; s__metagenome	0.760357614989669
de7bb691cdd9219e263238000adf7d09	d__Bacteria; p__Proteobacteria; c__Gammaproteobacteria; o__Xanthomonadales; f__Xanthomonadaceae; g__Stenotrophomonas	0.9999701160507962
674091b2f8d8c3a033f7377453d80146	d__Bacteria; p__Proteobacteria; c__Gammaproteobacteria; o__Enterobacterales; f__Erwiniaceae; g__Rosenbergiella; s__uncultured_bacterium	0.9974421634539202
ed201b9794bc49e18075e7bee70f53e1	d__Bacteria; p__Actinobacteriota; c__Actinobacteria; o__Corynebacteriales; f__Nocardiaceae; g__Rhodococcus	0.9998692633357101
9c692e302675ffd1d66e0039675fd533	d__Bacteria; p__Firmicutes; c__Bacilli; o__Lactobacillales; f__Lactobacillaceae; g__Leuconostoc; s__Leuconostoc_pseudomesenteroides	0.878310455468445
874fbdf6dd9f7ebea49bf5d351aabae9	d__Bacteria; p__Proteobacteria; c__Gammaproteobacteria; o__Burkholderiales; f__Comamonadaceae; g__Acidovorax	0.9570706139574798
52242e5e65cc1c0667e4e9edb73b7a22	d__Bacteria; p__Actinobacteriota; c__Actinobacteria; o__Micrococcales; f__Microbacteriaceae; g__Pseudoclavibacter; s__Pseudoclavibacter_sp.	0.9429695935910063
29f9e5bb724adb15cdc0f40ae1881f76	d__Bacteria; p__Proteobacteria; c__Alphaproteobacteria; o__Rhizobiales; f__Rhizobiaceae; g__Allorhizobium-Neorhizobium-Pararhizobium-Rhizobium	0.9888460075134765
f7403886e2d59f4038209507720488ee	d__Bacteria; p__Bacteroidota; c__Bacteroidia; o__Flavobacteriales; f__Weeksellaceae; g__Chryseobacterium; s__Chryseobacterium_sp.	0.9435379581027853
a0f12d46cd3827f54b29a5f1f3c00a3a	d__Bacteria; p__Proteobacteria; c__Gammaproteobacteria; o__Pseudomonadales; f__Pseudomonadaceae; g__Pseudomonas; s__Pseudomonas_fulva	0.7800581251421539
0d15db157007161fb74537c85a90353c	d__Bacteria; p__Proteobacteria; c__Alphaproteobacteria; o__Sphingomonadales; f__Sphingomonadaceae; g__Sphingomonas; s__Sphingomonas_faeni	0.7728189877985501
3f0c383b883d745452aa4a8b54afcde3	d__Bacteria; p__Actinobacteriota; c__Actinobacteria; o__Micrococcales; f__Micrococcaceae; g__Glutamicibacter; s__Arthrobacter_sp.	0.8145513111108068
57a899194491657c83a263378ed5063a	d__Bacteria; p__Actinobacteriota; c__Actinobacteria; o__Micrococcales; f__Microbacteriaceae; g__Frigoribacterium; s__uncultured_actinobacterium	0.9666864824843906
733ad6c3e2f85e9ebc7b1b1aa868c3fd	d__Bacteria; p__Firmicutes; c__Bacilli; o__Lactobacillales; f__Lactobacillaceae; g__Lactobacillus; s__Lactobacillus_helsingborgensis	0.9999998301129553
0f15f8222dd4220fefa35d816af9a431	d__Bacteria; p__Proteobacteria; c__Alphaproteobacteria; o__Rhizobiales; f__Rhizobiaceae; g__Allorhizobium-Neorhizobium-Pararhizobium-Rhizobium; s__Rhizobium_sp.	0.9562375197527005
c1e8d1b9e9eae5e8fe06187252d3e67f	d__Bacteria; p__Firmicutes; c__Bacilli; o__Paenibacillales; f__Paenibacillaceae; g__Paenibacillus; s__Paenibacillus_chinensis	0.9416494152721121
f6c03d9257233cb98df20500b83a49e3	d__Bacteria; p__Proteobacteria; c__Gammaproteobacteria; o__Pseudomonadales; f__Pseudomonadaceae; g__Pseudomonas; s__Pseudomonas_putida	0.7426438502103407
c2c6265b31a8caee46d45b253b0550c7	d__Bacteria; p__Proteobacteria; c__Gammaproteobacteria; o__Pseudomonadales; f__Moraxellaceae; g__Acinetobacter	0.9999998351901886
a56e50d3b73e377de39a9960a47de00b	d__Bacteria; p__Bacteroidota; c__Bacteroidia; o__Flavobacteriales; f__Weeksellaceae; g__Chryseobacterium	0.9999834005138497
09444d6305af70253eafd31140e92b2f	d__Bacteria; p__Proteobacteria; c__Alphaproteobacteria; o__Rhizobiales	0.999999968706414
aa4a1048067ac633fbb21c63e20ea81d	d__Bacteria; p__Proteobacteria; c__Gammaproteobacteria; o__Enterobacterales	0.9999999489839614
34654c40b68e94c623f61360bc99604f	d__Bacteria; p__Firmicutes; c__Bacilli; o__Paenibacillales; f__Paenibacillaceae; g__Paenibacillus	0.9999999677432444
b7dd576ec03c30cb2b70b70bcbe61d93	d__Bacteria; p__Proteobacteria; c__Gammaproteobacteria; o__Pseudomonadales; f__Pseudomonadaceae; g__Pseudomonas	0.9999729570550617
e263b3075836f6adbc5a0cfd57cb8baa	d__Bacteria; p__Actinobacteriota; c__Actinobacteria; o__Micrococcales; f__Microbacteriaceae; g__Microbacterium	0.9999748007052062
4fda78f853847b0cc059979344e9363e	d__Bacteria; p__Firmicutes; c__Bacilli; o__Lactobacillales; f__Streptococcaceae; g__Lactococcus; s__Lactococcus_garvieae	0.992058274205325
22fcf59f18d07bb7b2a7b38eb67e6edb	d__Bacteria; p__Proteobacteria; c__Gammaproteobacteria; o__Burkholderiales; f__Comamonadaceae; g__Variovorax	0.878605138255489
bde97f8505ccf8675eb93b5698d77da6	d__Bacteria; p__Bacteroidota; c__Bacteroidia; o__Flavobacteriales; f__Weeksellaceae; g__Chryseobacterium	0.9999881924894343
c5d75b9e4e5be689154bfc696a9a0d0c	d__Bacteria; p__Proteobacteria; c__Gammaproteobacteria; o__Pseudomonadales; f__Moraxellaceae; g__Acinetobacter	0.9999999999945978
7730e06df70b9d4575115e4ba2160f14	d__Bacteria; p__Firmicutes; c__Bacilli; o__Lactobacillales; f__Lactobacillaceae; g__Lactiplantibacillus	0.9999985201543781
b1eb62e47652426cb87f68da47e2f6ae	d__Bacteria; p__Proteobacteria; c__Gammaproteobacteria; o__Pseudomonadales; f__Moraxellaceae; g__Acinetobacter; s__proteobacterium_symbiont	0.9225830049900359
860dbe9d30014540fd8e85548835e8f2	d__Bacteria; p__Firmicutes; c__Bacilli; o__Lactobacillales; f__Lactobacillaceae; g__Lactobacillus; s__Lactobacillus_helsingborgensis	0.9999069051694317
683f9a30a790eb8cd1ea879c50b6f3ec	d__Bacteria; p__Firmicutes; c__Bacilli; o__Lactobacillales; f__Enterococcaceae; g__Enterococcus; s__Enterococcus_faecalis	0.9985201579199585
4535a725b92d712772fb581b261f86a8	d__Bacteria; p__Firmicutes; c__Bacilli; o__Lactobacillales; f__Lactobacillaceae; g__Weissella; s__Weissella_cibaria	0.9999150125565477
7edc470e30a0fb867598264c9993f641	d__Bacteria; p__Firmicutes; c__Bacilli; o__Lactobacillales; f__Lactobacillaceae; g__Lactobacillus; s__Lactobacillus_helsingborgensis	0.9999800929804136
a16071a22e37d874db117785a19fa289	d__Bacteria; p__Actinobacteriota; c__Actinobacteria; o__Corynebacteriales; f__Nocardiaceae; g__Rhodococcus; s__Rhodococcus_sp.	0.8079678237084871
55915c4e01313b072cd5fd72eb159762	d__Bacteria; p__Firmicutes; c__Bacilli; o__Lactobacillales; f__Lactobacillaceae; g__Lactobacillus; s__Lactobacillus_kullabergensis	0.999999592707096
179d9c926abbd6bbf14c9a0c4cb82118	d__Bacteria; p__Firmicutes; c__Bacilli; o__Lactobacillales; f__Enterococcaceae; g__Enterococcus; s__Enterococcus_sulfureus	0.9999999813541225
a8ad3a892e01538be425ebd1a901ca81	d__Bacteria; p__Proteobacteria; c__Alphaproteobacteria; o__Rhizobiales; f__Beijerinckiaceae; g__Methylobacterium-Methylorubrum; s__Methylobacterium_goesingense	0.7471889721548433
e8051fe038b3b591a5c8adb51a3550be	d__Bacteria; p__Proteobacteria; c__Alphaproteobacteria; o__Rhizobiales; f__Beijerinckiaceae; g__Methylobacterium-Methylorubrum	0.9993053501415492
d8c99d99ff4029df0dbe42ee13280347	d__Bacteria; p__Firmicutes; c__Bacilli; o__Staphylococcales; f__Staphylococcaceae; g__Staphylococcus; s__Staphylococcus_equorum	0.9662499884647013
894d7266281b34dcc2e07407b3a5ea2e	d__Bacteria; p__Proteobacteria; c__Gammaproteobacteria; o__Burkholderiales; f__Oxalobacteraceae	0.9999873536214364
a44090ab73b9ecc49f3badc35d60ccb5	d__Bacteria; p__Firmicutes; c__Bacilli; o__Lactobacillales; f__Lactobacillaceae; g__Levilactobacillus; s__Lactobacillus_brevis	0.9445828360776748
94e4efc8ba0bae7bb51db7dd742a186f	d__Bacteria; p__Actinobacteriota; c__Actinobacteria; o__Micrococcales; f__Microbacteriaceae; g__Microbacterium; s__Microbacterium_foliorum	0.9936365899442858
644708bb64903b3b4ba8cd428fe349fc	d__Bacteria; p__Firmicutes; c__Bacilli; o__Lactobacillales; f__Lactobacillaceae; g__Lactobacillus; s__Lactobacillus_kullabergensis	0.9647046125342948
6e0c2da4d9cedcdbbdb90143fa862a3f	d__Bacteria; p__Proteobacteria; c__Gammaproteobacteria; o__Enterobacterales; f__Erwiniaceae; g__Pantoea; s__Pantoea_ananatis	0.7125934514436993
159c277d779d91cbf34714738bb0d6a3	d__Bacteria; p__Firmicutes; c__Bacilli; o__Lactobacillales; f__Lactobacillaceae; g__Weissella; s__Weissella_cibaria	0.9999332738444928
d8cf90f07bba813f2c03c5cffe332e82	d__Bacteria; p__Firmicutes; c__Bacilli; o__Lactobacillales; f__Lactobacillaceae; g__Lactobacillus; s__Lactobacillus_helsingborgensis	0.9999997697315147
66ad0cb59266cd99ddab7df3993dcc14	d__Bacteria; p__Proteobacteria; c__Gammaproteobacteria; o__Pseudomonadales; f__Pseudomonadaceae; g__Pseudomonas; s__Pseudomonas_putida	0.7891940048558675
644f291ce613b907966528a410612a85	d__Bacteria; p__Bacteroidota; c__Bacteroidia; o__Flavobacteriales; f__Weeksellaceae; g__Chryseobacterium; s__Chryseobacterium_sp.	0.8762373354667977
bdd98d2cb97c6fd6477e0b75f2533a63	d__Bacteria; p__Proteobacteria; c__Gammaproteobacteria; o__Pseudomonadales; f__Pseudomonadaceae; g__Pseudomonas	0.9999444021748647
70b9f8734b591dc62c57a3e363119e68	d__Bacteria; p__Proteobacteria; c__Gammaproteobacteria; o__Xanthomonadales; f__Xanthomonadaceae; g__Stenotrophomonas	0.9988439876372281
24278b27767ab840bb9358e3e3ae2e3d	d__Bacteria; p__Firmicutes; c__Bacilli; o__Lactobacillales; f__Lactobacillaceae; g__Weissella; s__Weissella_hellenica	0.9287795649959227
eb77122141c0b8c296cc7562c3d39e13	d__Bacteria; p__Proteobacteria; c__Gammaproteobacteria; o__Enterobacterales; f__Erwiniaceae; g__Rosenbergiella; s__uncultured_bacterium	0.9938669821592654
b88017d06a8c6c631bf9d1c42f6508f9	d__Bacteria; p__Bacteroidota; c__Bacteroidia; o__Flavobacteriales; f__Weeksellaceae; g__Chishuiella; s__Chishuiella_changwenlii	0.9999998603067679
6ca6b8ee8ec047fdf0b99f15c2be6d47	d__Bacteria; p__Firmicutes; c__Bacilli; o__Lactobacillales; f__Aerococcaceae; g__Aerococcus	0.9999999999999946
760db57b5aaa845e4f02d2cadede3eaa	d__Bacteria; p__Bacteroidota; c__Bacteroidia; o__Flavobacteriales; f__Flavobacteriaceae; g__Flavobacterium; s__Flavobacterium_psychrophilum	0.9964031822530393
08b72eef137a8ea39e256f7264ade9ba	d__Bacteria; p__Actinobacteriota; c__Actinobacteria; o__Micrococcales; f__Microbacteriaceae; g__Microbacterium; s__Microbacterium_testaceum	0.7726200936076848
118355a1ece166333baf5d68340820cc	d__Bacteria; p__Proteobacteria; c__Gammaproteobacteria; o__Xanthomonadales; f__Xanthomonadaceae; g__Stenotrophomonas; s__Stenotrophomonas_nitritireducens	0.9594537304206922
64d1ae7bb1cd896e924b28d00a4d5fad	d__Bacteria; p__Proteobacteria; c__Gammaproteobacteria; o__Enterobacterales; f__Erwiniaceae; g__Pantoea	0.9970015571083731
97e2e97d3a88e863ee5e22e4f79ee399	d__Bacteria; p__Firmicutes; c__Bacilli; o__Lactobacillales; f__Lactobacillaceae; g__Weissella; s__Weissella_cibaria	0.9999144374856926
36db1d69e1c35ba265870b7d7078f032	d__Bacteria; p__Actinobacteriota; c__Actinobacteria; o__Micrococcales; f__Microbacteriaceae; g__Clavibacter; s__Clavibacter_michiganensis	0.9476549632237217
3d2d9e908f7b963412e7354baaff00a0	d__Bacteria; p__Proteobacteria; c__Gammaproteobacteria; o__Pseudomonadales; f__Pseudomonadaceae; g__Pseudomonas	0.9998454983821693
4a85bd21a2d67876f313d29d1e88ae23	d__Bacteria; p__Actinobacteriota; c__Actinobacteria; o__Micrococcales; f__Microbacteriaceae; g__Microbacterium	0.9999895236068088
a0e2673726ff8606d106635e05660f7c	d__Bacteria; p__Proteobacteria; c__Alphaproteobacteria; o__Rhizobiales; f__Rhizobiaceae; g__Allorhizobium-Neorhizobium-Pararhizobium-Rhizobium	0.9512833160632678
e45ac5a0fbe88e2cfe0b604780228052	d__Bacteria; p__Actinobacteriota; c__Actinobacteria; o__Micrococcales; f__Microbacteriaceae; g__Frondihabitans; s__Frondihabitans_sp.	0.8587238889769585
ba0134a9ff06fa6569d0f4838469ec5f	d__Bacteria; p__Actinobacteriota; c__Actinobacteria; o__Micrococcales; f__Microbacteriaceae; g__Rathayibacter	0.9974173235157192
69a393a97fcedaa892555f03ca1587d2	d__Bacteria; p__Firmicutes; c__Bacilli; o__Staphylococcales; f__Staphylococcaceae; g__Staphylococcus; s__Staphylococcus_vitulinus	0.7481433223467222
ce78b00ffa960d827f601fde4e97e720	d__Bacteria; p__Proteobacteria; c__Gammaproteobacteria; o__Enterobacterales; f__Enterobacteriaceae	0.9936118856939804
7e27ae527aeb93f44895b292e5fc63fa	d__Bacteria; p__Firmicutes; c__Bacilli; o__Staphylococcales; f__Staphylococcaceae; g__Staphylococcus	0.9999999996557921
20611bf4222c09b9250f3763de787791	d__Bacteria	0.9999999999999809
b3bd0e6777e8e22c6b19cd0121f8bf90	d__Bacteria; p__Bacteroidota; c__Bacteroidia; o__Flavobacteriales; f__Weeksellaceae; g__Chryseobacterium; s__Chryseobacterium_sp.	0.8676714159255029
b7f5784c25da8fce1209c746610fd980	d__Bacteria; p__Proteobacteria; c__Gammaproteobacteria; o__Pseudomonadales; f__Moraxellaceae; g__Acinetobacter	0.9999999675255541
4d591af940e3c6b0f036bf3c1318bc08	d__Bacteria; p__Cyanobacteria; c__Cyanobacteriia; o__Chloroplast; f__Chloroplast; g__Chloroplast	0.999674351381564
05bf24fa99327fb5f7ae5b7e48e9688a	d__Bacteria; p__Proteobacteria; c__Gammaproteobacteria; o__Enterobacterales; f__Erwiniaceae; g__Rosenbergiella; s__uncultured_bacterium	0.9776738177907054
5b49dc138a22645227b1d66924efaf14	d__Bacteria; p__Proteobacteria; c__Gammaproteobacteria; o__Pseudomonadales; f__Pseudomonadaceae; g__Pseudomonas	0.9999606436490444
9f0c997c093d7554aaa103271670029f	d__Bacteria; p__Firmicutes; c__Bacilli; o__Lactobacillales; f__Lactobacillaceae; g__Lactobacillus; s__Lactobacillus_helsingborgensis	0.9995923844661603
383d4d6cc9707e7ee4f721b4f54c45f0	d__Bacteria; p__Firmicutes; c__Bacilli; o__Lactobacillales; f__Lactobacillaceae; g__Lactobacillus; s__Lactobacillus_helsingborgensis	0.9983044349904724
89274d8c400eedff929ef9ccac58c408	d__Bacteria; p__Proteobacteria; c__Alphaproteobacteria; o__Rhizobiales; f__Rhizobiaceae; g__Allorhizobium-Neorhizobium-Pararhizobium-Rhizobium; s__Rhizobium_etli	0.7693700439973454
d2d094c777ff4a909ecb703c92c5d8eb	d__Bacteria; p__Proteobacteria; c__Gammaproteobacteria; o__Pseudomonadales; f__Moraxellaceae; g__Acinetobacter	0.9999998486663202
c8d859b568ca3fcd687a91cb163a8ff7	d__Bacteria; p__Proteobacteria; c__Alphaproteobacteria; o__Sphingomonadales; f__Sphingomonadaceae; g__Novosphingobium; s__Novosphingobium_sp.	0.9454666311774994
d1e3c4d07c3096208026f19daaf274cd	d__Bacteria; p__Bacteroidota; c__Bacteroidia; o__Sphingobacteriales; f__Sphingobacteriaceae; g__Pedobacter; s__Pedobacter_agri	0.9998955150329232
f43ccb9dfaa34390d6aee8545e61126f	d__Bacteria; p__Actinobacteriota; c__Actinobacteria; o__Propionibacteriales; f__Propionibacteriaceae; g__Friedmanniella; s__uncultured_bacterium	0.9986136503659983
98693eae63738e7b5a08771832051ae5	d__Bacteria; p__Firmicutes; c__Clostridia; o__Clostridiales; f__Clostridiaceae; g__Clostridium_sensu_stricto_12; s__Clostridium_tyrobutyricum	0.9999973302251672
1c11654afd83831f7f78e335ffc99165	d__Bacteria; p__Actinobacteriota; c__Actinobacteria; o__Propionibacteriales; f__Propionibacteriaceae; g__Friedmanniella; s__Microlunatus_sp.	0.7012450777179795
32c9f516d51a6c49215d1dca927bbb83	d__Bacteria; p__Proteobacteria; c__Gammaproteobacteria; o__Burkholderiales; f__Comamonadaceae; g__Aquabacterium; s__uncultured_beta	0.9250035333536052
ba316e9f1b59f10179a45797dd4369aa	d__Bacteria; p__Proteobacteria; c__Alphaproteobacteria; o__Rhodobacterales; f__Rhodobacteraceae	0.9999998267310588
e495448ab87879ee08f0f9fa5349da6b	d__Bacteria; p__Bacteroidota; c__Bacteroidia; o__Flavobacteriales; f__Weeksellaceae; g__Chishuiella; s__Chishuiella_changwenlii	0.9999998948984852
d7429a432976c11bfd2886ffce66fce7	d__Bacteria; p__Actinobacteriota; c__Actinobacteria; o__Corynebacteriales; f__Corynebacteriaceae; g__Corynebacterium	0.9999881260857811
135ff9d1c03e16134740704c576c8912	d__Bacteria; p__Proteobacteria; c__Gammaproteobacteria; o__Enterobacterales; f__Erwiniaceae; g__Erwinia; s__uncultured_Erwinia	0.8688821497325089
a948fdcc7475d98d4dc32b5446299a12	d__Bacteria; p__Proteobacteria; c__Alphaproteobacteria; o__Rhizobiales; f__Rhizobiaceae; g__Aureimonas; s__uncultured_bacterium	0.9617876101177043
44f695e1849b0814eed7c9ff9cdd3bc9	d__Bacteria; p__Bacteroidota; c__Bacteroidia; o__Flavobacteriales; f__Weeksellaceae; g__Chryseobacterium; s__uncultured_bacterium	0.708584208430519
b05feec42c6e5f0952be0229cdd8451b	d__Bacteria; p__Firmicutes; c__Bacilli; o__Lactobacillales; f__Lactobacillaceae; g__Weissella; s__Weissella_paramesenteroides	0.9999169155869633
f8f687d946a5c228c492909f03675448	d__Bacteria; p__Actinobacteriota; c__Actinobacteria; o__Corynebacteriales; f__Nocardiaceae; g__Rhodococcus	0.9997948757542494
0516a32ba42218c077664f8e067d2a67	d__Bacteria; p__Firmicutes; c__Bacilli; o__Lactobacillales; f__Lactobacillaceae; g__Lactobacillus; s__Lactobacillus_helsingborgensis	0.7605242605860703
bb4dcbae406885437483f426c489938c	d__Bacteria; p__Proteobacteria; c__Gammaproteobacteria; o__Burkholderiales; f__Alcaligenaceae; g__Verticiella; s__Alcaligenaceae_bacterium	0.9999326107019696
9e46b2ace2ee54fd8d974b72647779fc	d__Bacteria; p__Actinobacteriota; c__Actinobacteria; o__Micrococcales; f__Microbacteriaceae; g__Microbacterium	0.999984399735524
16e3ab58c7ee92ee6b36a6a06a99b8fc	d__Bacteria; p__Proteobacteria; c__Gammaproteobacteria; o__Burkholderiales; f__Comamonadaceae; g__Comamonas; s__uncultured_Comamonas	0.7639547690934838
125387133eea7cf99ec570b822c70f43	d__Bacteria; p__Firmicutes; c__Bacilli; o__Lactobacillales; f__Lactobacillaceae; g__Lactobacillus; s__Lactobacillus_kullabergensis	0.9984203469379587
2c671e68ba1210e6e084dc5ef3d297d7	d__Bacteria; p__Proteobacteria; c__Alphaproteobacteria; o__Acetobacterales; f__Acetobacteraceae; g__Roseomonas; s__Acetobacteraceae_bacterium	0.9097833944377534
f63b65b576cc150787494b352ddfdcc5	d__Bacteria; p__Proteobacteria; c__Gammaproteobacteria; o__Enterobacterales; f__Erwiniaceae; g__Rosenbergiella; s__uncultured_bacterium	0.8201666795376668
385f2a2b4ebdf3e5a3e68ad9acbbbe79	d__Bacteria; p__Actinobacteriota; c__Actinobacteria; o__Micrococcales; f__Micrococcaceae; g__Glutamicibacter	0.9992798811212591
8cf9b02630e74386d1e7f316c3c9cebd	d__Bacteria; p__Actinobacteriota; c__Actinobacteria; o__Micrococcales; f__Microbacteriaceae; g__Rathayibacter	0.997283457274642
7987a1defbcb9bc14b91722f3662bbf3	d__Bacteria; p__Actinobacteriota; c__Actinobacteria; o__Corynebacteriales; f__Corynebacteriaceae; g__Corynebacterium; s__Corynebacterium_casei	0.9997586981771309
7604164223b1d93951c621356f563b06	d__Bacteria; p__Firmicutes; c__Bacilli; o__Lactobacillales; f__Enterococcaceae; g__Enterococcus; s__Enterococcus_mundtii	0.9999374269316412
b1e1fac13bb7622ad79d0274836a902b	d__Bacteria; p__Proteobacteria; c__Gammaproteobacteria; o__Xanthomonadales; f__Xanthomonadaceae; g__Stenotrophomonas	0.9999507372363131
55fbf6f5379e871f6b7c536f1222716f	d__Bacteria; p__Actinobacteriota; c__Actinobacteria; o__Micrococcales; f__Microbacteriaceae; g__Plantibacter; s__Plantibacter_flavus	0.7223247266714294
b6a4b7ed8d818dad9b055cab46257eca	d__Bacteria; p__Firmicutes; c__Bacilli; o__Lactobacillales; f__Lactobacillaceae; g__Lactiplantibacillus; s__Lactobacillus_plantarum	0.8211591534653649
f5e007d78ee712dc95e22647cbe8e631	d__Bacteria; p__Actinobacteriota; c__Actinobacteria; o__Micrococcales; f__Micrococcaceae; g__Kocuria; s__Kocuria_sp.	0.8796105965908446
774cf84d3e1496883185039226a2239d	d__Bacteria; p__Proteobacteria; c__Alphaproteobacteria; o__Rhizobiales; f__Beijerinckiaceae; g__Methylobacterium-Methylorubrum	0.9843057324582462
a3891dd82bd0ab8e06a91409e0915b14	d__Bacteria; p__Proteobacteria; c__Gammaproteobacteria; o__Enterobacterales; f__Enterobacteriaceae	0.9983297641707393
14ff130c792af8322325955e4975f952	d__Bacteria; p__Actinobacteriota; c__Actinobacteria; o__Propionibacteriales; f__Nocardioidaceae; g__Nocardioides; s__Nocardioides_sp.	0.7698415153471202
002f65d111e6b3b3a58acce7b128743b	d__Bacteria; p__Proteobacteria; c__Gammaproteobacteria; o__Xanthomonadales; f__Xanthomonadaceae; g__Stenotrophomonas	0.9985322665686766
b91a40b4d091c49fd0840eedd281bbe9	d__Bacteria; p__Proteobacteria; c__Gammaproteobacteria; o__Xanthomonadales; f__Xanthomonadaceae	0.9999905297025171
7fb1dd7c2321ec02edafee14160f35ad	d__Bacteria; p__Firmicutes; c__Bacilli; o__Lactobacillales; f__Enterococcaceae; g__Enterococcus	0.9999999999652017
6ab936d69229e7655c60144c3cb52469	d__Bacteria; p__Firmicutes; c__Bacilli; o__Lactobacillales; f__Lactobacillaceae; g__Levilactobacillus; s__Lactobacillus_brevis	0.9912892637313027
526b856825ea565bb2e447f68c34731b	d__Bacteria; p__Proteobacteria; c__Gammaproteobacteria; o__Enterobacterales; f__Erwiniaceae; g__Erwinia; s__uncultured_Erwinia	0.7259384738699889
3b6384a7842d7b0216eb24f07233dbb0	d__Bacteria; p__Proteobacteria; c__Gammaproteobacteria; o__Burkholderiales; f__Comamonadaceae; g__Acidovorax; s__uncultured_Acidovorax	0.779675066270636
f7833199ed9568996a38cd88da93254c	d__Bacteria; p__Proteobacteria; c__Alphaproteobacteria; o__Rhizobiales; f__Rhizobiaceae; g__Allorhizobium-Neorhizobium-Pararhizobium-Rhizobium; s__Agrobacterium_sp.	0.9262110180853664
e3f9bd260e28cda1470e2673b255db03	d__Bacteria; p__Actinobacteriota; c__Actinobacteria; o__Micrococcales; f__Sanguibacteraceae; g__Sanguibacter-Flavimobilis; s__Sanguibacter_inulinus	0.9593801998015029
32b3fcaf2fae1b62615c69c79c68b597	d__Bacteria; p__Proteobacteria; c__Gammaproteobacteria; o__Burkholderiales; f__Oxalobacteraceae; g__Massilia	0.906669400319723
5aa0223b2d3bb4e527af4a28976a36e7	d__Bacteria; p__Firmicutes; c__Bacilli; o__Lactobacillales; f__Lactobacillaceae; g__Lactiplantibacillus; s__Lactobacillus_plantarum	0.8361035164451948
3aec4b22c3cb52fcca5d9f55b1a6ccab	d__Bacteria; p__Firmicutes; c__Bacilli; o__Lactobacillales; f__Enterococcaceae; g__Enterococcus; s__Enterococcus_sulfureus	0.9999990385075751
381aee5ae5015e6c557c66bcade28cd3	d__Bacteria; p__Bacteroidota; c__Bacteroidia; o__Sphingobacteriales; f__Sphingobacteriaceae; g__Pedobacter; s__Pedobacter_sp.	0.9370049173869167
d8b10c7c4be1a4b9c311f7914fb3dc5f	d__Bacteria; p__Bacteroidota; c__Bacteroidia; o__Sphingobacteriales; f__Sphingobacteriaceae; g__Sphingobacterium; s__Sphingobacterium_sp.	0.7282918173701224
e3e14f3edde71076def5c3d3de79aaca	d__Bacteria; p__Proteobacteria; c__Gammaproteobacteria; o__Burkholderiales; f__Comamonadaceae; g__Xylophilus; s__uncultured_bacterium	0.8654246795725881
a93e0bb2363712098aa99ce1b90394bb	d__Bacteria; p__Firmicutes; c__Bacilli; o__Lactobacillales; f__Lactobacillaceae; g__Bombilactobacillus; s__uncultured_Lactobacillus	0.9999982072860985
dd3c11b40fd08d3f36cc0a5e5979683c	d__Bacteria; p__Actinobacteriota; c__Actinobacteria; o__Micrococcales; f__Microbacteriaceae; g__Frondihabitans	0.7576811450817088
45a0069cb47265e69f7096cbf899bfef	d__Bacteria; p__Proteobacteria; c__Gammaproteobacteria; o__Burkholderiales; f__Alcaligenaceae	0.9999999480953647
90bf8f4ab13ddf8fcecfc8d83b73adb2	d__Bacteria; p__Proteobacteria; c__Gammaproteobacteria; o__Xanthomonadales; f__Rhodanobacteraceae; g__Luteibacter; s__metagenome	0.9420259979969303
d20bf0018e37df6626cf2e9a2d9f3f22	d__Bacteria; p__Proteobacteria; c__Gammaproteobacteria; o__Pseudomonadales; f__Moraxellaceae; g__Acinetobacter	0.9999999999919127
e573f67d8bfd3f11e2b459280923d449	d__Bacteria; p__Proteobacteria; c__Gammaproteobacteria; o__Enterobacterales; f__Erwiniaceae; g__Pantoea; s__Erwinia_gerundensis	0.7745359322969663
bc66d9ffe617f2cfe7010e3a9e61d50f	d__Bacteria; p__Actinobacteriota; c__Actinobacteria; o__Micrococcales; f__Microbacteriaceae; g__Plantibacter; s__Plantibacter_flavus	0.9163816385182298
b220b02d2c8342d65466ce6831fc2179	d__Bacteria; p__Firmicutes; c__Bacilli; o__Lactobacillales; f__Streptococcaceae; g__Lactococcus	0.9999999890692282
91eacd6326bd3f525cb696512dbdeb08	d__Bacteria; p__Firmicutes; c__Bacilli; o__Lactobacillales; f__Lactobacillaceae; g__Weissella; s__Weissella_paramesenteroides	0.9974794174975385
b2de98708c39ae08a7238af50639cf20	d__Bacteria; p__Proteobacteria; c__Gammaproteobacteria; o__Enterobacterales; f__Enterobacteriaceae; g__Enterobacter	0.8389520226018234
5ab7b5966380653987704cfdf6f2fc92	d__Bacteria; p__Proteobacteria; c__Alphaproteobacteria; o__Rhizobiales; f__Beijerinckiaceae; g__Methylobacterium-Methylorubrum	0.9988537235976145
42decca451e3de98dc155f4e1a129e6d	d__Bacteria; p__Bacteroidota; c__Bacteroidia; o__Flavobacteriales; f__Weeksellaceae; g__Chryseobacterium	0.9998986242946251
2ea439ce9ff9206ceccdf5fb148e560e	d__Bacteria; p__Proteobacteria; c__Gammaproteobacteria; o__Pseudomonadales; f__Pseudomonadaceae; g__Pseudomonas	0.9938246458489113
0523dbbd029b26f2859715006305a990	d__Bacteria; p__Actinobacteriota; c__Actinobacteria; o__Micrococcales; f__Micrococcaceae; g__Glutamicibacter; s__Glutamicibacter_nicotianae	0.9601459208416361
a7b2829ad79eb27f12e21b588f1dcb95	d__Bacteria; p__Bacteroidota; c__Bacteroidia; o__Flavobacteriales; f__Weeksellaceae; g__Chryseobacterium	0.9996549251125031
feb9c78ed376d80170c1ffba8e830ee4	d__Bacteria; p__Proteobacteria; c__Alphaproteobacteria; o__Sphingomonadales; f__Sphingomonadaceae; g__Novosphingobium	0.9309951918632647
7994a4a3b683850dc6ba1d5e840c6ebb	d__Bacteria; p__Proteobacteria; c__Alphaproteobacteria; o__Rhizobiales; f__Rhizobiaceae; g__Allorhizobium-Neorhizobium-Pararhizobium-Rhizobium	0.785073670781989
22a0f123dedb0e49848dfe9c04338b23	d__Bacteria; p__Bacteroidota; c__Bacteroidia; o__Flavobacteriales; f__Weeksellaceae; g__Chryseobacterium; s__Chryseobacterium_halperniae	0.976818904771648
ed0bb5a1c3aa04a1906504edd17c6984	d__Bacteria; p__Bacteroidota; c__Bacteroidia; o__Sphingobacteriales; f__Sphingobacteriaceae; g__Pedobacter	0.9996961733173567
710fa51537c515aaa563d43a33d59dac	d__Bacteria; p__Actinobacteriota; c__Actinobacteria; o__Micrococcales; f__Microbacteriaceae; g__Microbacterium; s__Microbacterium_sp.	0.9457141733695186
8011a2039c47a1d2c357878fcd4aa896	d__Bacteria; p__Firmicutes; c__Bacilli; o__Lactobacillales; f__Lactobacillaceae; g__Weissella; s__Weissella_cibaria	0.9998990606339944
7513bbf3c6da2ce66d2a4f8437a88bc3	d__Bacteria; p__Actinobacteriota; c__Actinobacteria; o__Corynebacteriales; f__Corynebacteriaceae; g__Corynebacterium	0.9999985790088846
8e60a216dc578b0a30c6e14350271973	d__Bacteria; p__Proteobacteria; c__Gammaproteobacteria; o__Enterobacterales; f__Erwiniaceae; g__Pantoea	0.9982954546168691
4406125bf91aca718f4656e3bdd7e20a	d__Bacteria; p__Firmicutes; c__Bacilli; o__Exiguobacterales; f__Exiguobacteraceae; g__Exiguobacterium; s__Exiguobacterium_sibiricum	0.9108213507930532
40dd03bfadc6647c1d86abfa7a0494b5	d__Bacteria; p__Proteobacteria; c__Alphaproteobacteria; o__Caulobacterales; f__Caulobacteraceae; g__Brevundimonas	0.998946203215368
72deb492b76325fac2131ea1d9855930	d__Bacteria; p__Actinobacteriota; c__Actinobacteria; o__Corynebacteriales; f__Corynebacteriaceae; g__Corynebacterium	0.9999772206554698
b82c3bdccf3c2a934c2eeae3ef744816	d__Bacteria; p__Actinobacteriota; c__Actinobacteria; o__Corynebacteriales; f__Nocardiaceae; g__Williamsia; s__Williamsia_maris	0.9993377623096411
8d3b411545de7004c6597648070f9fe1	d__Bacteria; p__Firmicutes; c__Bacilli; o__Lactobacillales; f__Lactobacillaceae; g__Bombilactobacillus; s__uncultured_Lactobacillus	0.9020098635974085
460072c37c62f42b79f8c0ae9be014ea	d__Bacteria; p__Firmicutes; c__Bacilli; o__Lactobacillales; f__Lactobacillaceae; g__Lactobacillus; s__Lactobacillus_apis	0.9997249748176461
9f79561c297b438dec5e7997e8350e67	d__Bacteria; p__Bacteroidota; c__Bacteroidia; o__Flavobacteriales; f__Weeksellaceae; g__Chryseobacterium; s__Chryseobacterium_sp.	0.8672916730119707
2c3887e9b79ca16f95e77a8d7cbe16d4	d__Bacteria; p__Proteobacteria; c__Alphaproteobacteria; o__Rhizobiales; f__Rhizobiaceae; g__Allorhizobium-Neorhizobium-Pararhizobium-Rhizobium	0.947109594442456
de3bf8df7a0773b99c73b40e00e3b7a6	d__Bacteria; p__Firmicutes; c__Bacilli; o__Paenibacillales; f__Paenibacillaceae; g__Paenibacillus; s__Paenibacillus_nicotianae	0.9604699926481335
0886e2cf63b64ba95c17fd9015d9f7df	d__Bacteria; p__Firmicutes; c__Bacilli; o__Lactobacillales; f__Lactobacillaceae; g__Leuconostoc; s__Leuconostoc_mesenteroides	0.9868751751307123
7acbf52b9b0ca41de622437b7a83246f	d__Bacteria; p__Firmicutes; c__Bacilli; o__Lactobacillales; f__Lactobacillaceae; g__Loigolactobacillus; s__Lactobacillus_coryniformis	0.999674480407962
69ff9b0acf818e07dcb078914f21ec53	d__Bacteria; p__Actinobacteriota; c__Actinobacteria; o__Micrococcales; f__Microbacteriaceae; g__Microbacterium	0.999948518391996
e12678dd91c2787b63f58d55f8163aa1	d__Bacteria; p__Firmicutes; c__Bacilli; o__Exiguobacterales; f__Exiguobacteraceae; g__Exiguobacterium	0.999999999999577
cadd89a9200631ebce7f5d633b2f87ca	d__Bacteria; p__Proteobacteria; c__Alphaproteobacteria; o__Caulobacterales; f__Caulobacteraceae; g__Brevundimonas	0.9982262440894419
a296be5846627112643c756f16c7b4b6	d__Bacteria; p__Firmicutes; c__Bacilli; o__Lactobacillales; f__Lactobacillaceae; g__Lacticaseibacillus; s__Lactobacillus_rhamnosus	0.9921122567825806
a50e9c0b5d6216a4fcf51922e623348d	d__Bacteria; p__Proteobacteria; c__Gammaproteobacteria; o__Burkholderiales; f__Comamonadaceae; g__Delftia; s__Delftia_tsuruhatensis	0.7006123230518978
70cb3273d4b74438274909a6ad77796c	d__Bacteria; p__Bacteroidota; c__Bacteroidia; o__Sphingobacteriales; f__Sphingobacteriaceae; g__Pedobacter; s__Pedobacter_agri	0.9018128648021843
9db5ee068937b60195ba5bcabcd0a3cb	d__Bacteria; p__Actinobacteriota; c__Actinobacteria; o__Micrococcales; f__Microbacteriaceae; g__Herbiconiux	0.9951766605158978
fa64f2efbd2cbf5bdfc27131c61b78ec	d__Bacteria; p__Proteobacteria; c__Alphaproteobacteria; o__Rhizobiales; f__Rhizobiaceae; g__Ochrobactrum	0.8421579107202734
2a5a679f03f9ae48f5df57ded6dc7d94	d__Bacteria; p__Actinobacteriota; c__Actinobacteria; o__Corynebacteriales; f__Corynebacteriaceae; g__Corynebacterium; s__Corynebacterium_maris	0.9887739890026652
f56dc0ebd380497170e6697e601eb75f	d__Bacteria; p__Firmicutes; c__Bacilli; o__Lactobacillales; f__Lactobacillaceae; g__Weissella; s__Weissella_cibaria	0.9999432478223931
8730664a684f21270d2c37fd031c189c	d__Bacteria; p__Actinobacteriota; c__Actinobacteria; o__Micrococcales; f__Micrococcaceae; g__Kocuria; s__Kocuria_sp.	0.9309143008423888
c60ae6b6f6ef235e7e831d4720ad90f1	d__Bacteria; p__Proteobacteria; c__Gammaproteobacteria; o__Pseudomonadales; f__Pseudomonadaceae; g__Pseudomonas	0.9968892435317056
e2d9d9d1228a1da55ad1756f14622e1a	d__Bacteria; p__Proteobacteria; c__Gammaproteobacteria; o__Pseudomonadales; f__Pseudomonadaceae; g__Pseudomonas	0.9999996950444583
2ecb92fc573a8a1de2abfc4b6e47bcd0	d__Bacteria; p__Proteobacteria; c__Gammaproteobacteria; o__Enterobacterales	0.9999971385417123
a8f224cd02675b9b3e72efb3962b85f8	d__Bacteria; p__Bacteroidota; c__Bacteroidia; o__Flavobacteriales; f__Flavobacteriaceae; g__Flavobacterium; s__uncultured_bacterium	0.806920639286477
1431abc085be8a1c3507d3584392279b	d__Bacteria; p__Bacteroidota; c__Bacteroidia; o__Flavobacteriales; f__Weeksellaceae; g__Chryseobacterium	0.9999218848597033
328af39bb1e746071317fc3e3638b0e3	d__Bacteria; p__Proteobacteria; c__Gammaproteobacteria; o__Burkholderiales; f__Oxalobacteraceae	0.9999969855207705
0f730298f898adf19391707ede8896c9	d__Bacteria; p__Bacteroidota; c__Bacteroidia; o__Cytophagales; f__Spirosomaceae; g__Dyadobacter	0.9999999991150681
75c6db2478f8c8cede66b3e58f141c06	d__Bacteria; p__Actinobacteriota; c__Actinobacteria; o__Corynebacteriales; f__Corynebacteriaceae; g__Corynebacterium; s__Corynebacterium_crudilactis	0.9998255048815086
d9fc494a3315766a3be04f033f58c6af	d__Bacteria; p__Proteobacteria; c__Gammaproteobacteria; o__Pseudomonadales; f__Pseudomonadaceae; g__Pseudomonas; s__Pseudomonas_oryzihabitans	0.995718955050099
e8944a9e3964f246c5ec7c98e906173c	d__Bacteria; p__Proteobacteria; c__Alphaproteobacteria; o__Rhizobiales; f__Beijerinckiaceae; g__Methylobacterium-Methylorubrum; s__Methylobacterium_komagatae	0.841012031833797
0419e3d4a4912b124b1dd191b3d6be90	d__Bacteria; p__Firmicutes; c__Bacilli; o__Lactobacillales; f__Lactobacillaceae; g__Lentilactobacillus; s__Lactobacillus_rapi	0.9645081460263918
6510679669fd5a0c55f4a801c9e4c886	d__Bacteria; p__Proteobacteria; c__Gammaproteobacteria; o__Pseudomonadales; f__Moraxellaceae; g__Acinetobacter	0.9999999999974021
3ce7010035746c3378de627dbbab184f	d__Bacteria; p__Bacteroidota; c__Bacteroidia; o__Flavobacteriales; f__Weeksellaceae; g__Chryseobacterium; s__Chryseobacterium_sp.	0.7582828317196997
7ce992ea288fa2082a71f6797124a07f	d__Bacteria; p__Proteobacteria; c__Gammaproteobacteria; o__Enterobacterales; f__Enterobacteriaceae; g__Enterobacter	0.8767869171745368
7e554ddea802de3b934348db919e14a3	d__Bacteria; p__Proteobacteria; c__Gammaproteobacteria; o__Xanthomonadales; f__Xanthomonadaceae; g__Xanthomonas	0.9959808864630704
be69b85a735d948bcbb68ef80fc6bd46	d__Bacteria; p__Bacteroidota; c__Bacteroidia; o__Flavobacteriales; f__Weeksellaceae; g__Chryseobacterium	0.9996627969282198
d621aeb3ba946f28af4dfeba1cca0562	d__Bacteria; p__Actinobacteriota; c__Actinobacteria; o__Micrococcales; f__Micrococcaceae; g__Glutamicibacter; s__Arthrobacter_sp.	0.7634977690713524
17ec135efc36dd35ddefabab06effca8	d__Bacteria; p__Firmicutes; c__Bacilli; o__Lactobacillales; f__Lactobacillaceae; g__Companilactobacillus; s__Lactobacillus_alimentarius	0.9900149648979356
3c6477ac20ae29fcd6ec55733133bf29	d__Bacteria; p__Actinobacteriota; c__Actinobacteria; o__Frankiales; f__Nakamurellaceae; g__Nakamurella; s__metagenome	0.7753094789452322
4f9852a72059b0b00d7e1e26d3e4ad86	d__Bacteria; p__Cyanobacteria; c__Cyanobacteriia; o__Chloroplast; f__Chloroplast; g__Chloroplast	0.9958116717484798
7eb47735caff787ad52e5308cc579a6d	d__Bacteria; p__Proteobacteria; c__Gammaproteobacteria; o__Burkholderiales; f__Comamonadaceae	0.999976796306894
df9e2c60384750432e31b2232b586e97	d__Bacteria; p__Actinobacteriota; c__Actinobacteria; o__Micrococcales; f__Microbacteriaceae; g__Agrococcus; s__Agrococcus_jejuensis	0.9999813919201318
671a39682e9f7ce6de75790ceb149d0b	d__Bacteria; p__Bacteroidota; c__Bacteroidia; o__Sphingobacteriales; f__Sphingobacteriaceae; g__Sphingobacterium	0.9999999996905016
